Scramble Length,IDA* Moves,IDA* Time (s)
1,1,0.000015
2,2,0.0001154
3,3,0.0003416
4,4,0.0003496
5,5,0.0030061
6,6,0.0093837
7,7,0.0021067
8,8,3.3807464
