Scramble Length,IDA* Moves,IDA* Time (s)
1,1,0.0000323
2,2,0.0000618
3,3,0.00095
4,4,0.0005786
5,5,0.642742
6,3,0.0001817
7,7,0.2268015
8,8,0.3070877
