Scramble Length,IDA* Moves,IDA* Time (s)
1,1,0.0000115
2,2,0.0000774
3,3,0.0005532
4,4,0.0028815
5,4,0.0036249
6,6,0.0314106
7,6,0.139465
8,8,0.3489191
