Scramble Length,IDA* Moves,IDA* Time (s)
1,1,0.000002087
2,2,0.000002233
3,3,0.000029955
4,4,0.000032045
5,5,0.000047798
6,6,0.00030922
7,7,0.002233279
8,8,0.047301092
9,9,1.270546728
10,10,6.468643193
