Scramble Length,IDA* Moves,IDA* Time (s)
1,1,0.0000365
2,2,0.0000694
3,3,0.0002026
4,4,0.0001528
5,5,0.0029953
6,6,0.0051611
7,5,0.0008741
8,6,0.0122614
