Scramble Length,IDA* Moves,IDA* Time (s)
1,1,0.0000253
2,2,0.0001504
3,3,0.000079
4,4,0.0054812
5,5,0.0160469
6,6,0.0015357
7,7,0.0368336
8,6,0.0010954
