Scramble Length,IDA* Moves,IDA* Time (s)
1,1,0.00000081
2,2,0.000003505
3,3,0.000004745
4,4,0.000010034
5,5,0.00007623
6,6,0.001541403
7,7,0.000700006
8,8,0.006427211
