Scramble Length,IDA* Moves,IDA* Time (s)
1,1,0.0000271
2,2,0.0000892
3,3,0.0005187
4,4,0.0005127
5,5,0.0000682
6,6,0.0446562
7,7,3.4717589
8,8,13.0148967
