Scramble Length,IDA* Moves,IDA* Time (s)
1,1,0.0000114
2,2,0.0001046
3,3,0.0001588
4,4,0.0001548
5,4,0.0010336
6,6,0.0260799
7,7,0.0505678
8,8,3.0746164
