Scramble Length,IDA* Moves,IDA* Time (s)
1,1,0.0000257
2,2,0.0000892
3,3,0.0002806
4,4,0.0038929
5,5,0.0094193
6,6,0.0044076
7,7,0.1766059
8,8,2.590878
