Scramble Length,IDA* Moves,IDA* Time (s)
1,1,0.0000177
2,2,0.0000912
3,3,0.0007153
4,4,0.0013029
5,5,0.007524
6,4,0.000632
7,7,0.1443171
8,8,1.8147086
