Scramble Length,IDA* Moves,IDA* Time (s)
1,1,0.000001925
2,2,0.000005079
3,3,0.000004594
4,4,0.000063801
5,5,0.000065355
6,6,0.001783862
7,7,0.012131163
8,8,0.024508872
9,9,0.063891264
10,10,1.484837524
