Scramble Length,IDA* Moves,IDA* Time (s)
1,1,0.024966198
2,2,0.000005435
3,3,0.000008171
4,4,0.000507492
5,5,0.000119254
6,6,0.001014401
7,7,0.000313466
8,8,0.084821091
9,9,0.030304437
10,10,1.5419959410000001
