Scramble Length,IDA* Moves,IDA* Time (s)
1,1,0.0000469
2,2,0.0000199
3,3,0.000108
4,4,0.0000792
5,5,0.0494927
6,4,0.0001428
7,7,0.3614804
8,7,1.5997501
