Scramble Length,IDA* Moves,IDA* Time (s)
1,1,0.00000118
2,2,0.000001678
3,3,0.000011292
4,4,0.000016906
5,5,0.000026722
6,6,0.000366473
7,7,0.016373371
8,8,0.080226024
9,9,0.249762286
10,10,1.790979937
