Scramble Length,IDA* Moves,IDA* Time (s)
1,1,0.0000203
2,2,0.0000355
3,3,0.0005721
4,4,0.0005576
5,5,0.0163558
6,6,0.0256924
7,7,0.4738185
8,7,0.0898718
