Scramble Length,IDA* Moves,IDA* Time (s)
1,1,0.000001286
2,2,0.00000441
3,3,0.000024254
4,4,0.000052927
5,5,0.00013217
6,6,0.000053552
7,7,0.005352044
8,8,0.001652788
9,9,0.556933493
10,10,5.038262841
