Scramble Length,IDA* Moves,IDA* Time (s)
1,1,0.0000322
2,2,0.000069
3,3,0.0005579
4,4,0.0084843
5,3,0.0004489
6,6,0.0088111
7,7,0.0019529
8,8,3.93
