Scramble Length,IDA* Moves,IDA* Time (s)
1,1,0.0000109
2,2,0.0000648
3,3,0.0001668
4,4,0.0022096
5,5,0.0240797
6,6,0.0086166
7,7,0.6376347
8,8,0.2898366
