Scramble Length,IDA* Moves,IDA* Time (s)
1,1,0.000001041
2,2,0.000002038
3,3,0.000046602
4,4,0.001086916
5,5,0.000230492
6,6,0.000353496
7,7,0.001163834
8,8,0.021883107
9,9,0.121535882
10,10,0.289443649
