Scramble Length,IDA* Moves,IDA* Time (s)
1,1,0.000001484
2,2,0.000002557
3,3,0.000009085
4,4,0.000025927
5,5,0.000045966
6,6,0.000060865
7,7,0.000768609
8,8,0.04771905
9,9,0.200329701
10,10,0.582403478
