Scramble Length,IDA* Moves,IDA* Time (s)
1,1,0.000003146
2,2,0.000002622
3,3,0.000009922
4,4,0.000012835
5,5,0.000052581
6,6,0.000541813
