Scramble Length,IDA* Moves,IDA* Time (s)
1,1,0.000001522
2,2,0.000005102
3,3,0.000002723
4,4,0.000006418
5,5,0.000008987
6,6,0.000092402
