Scramble Length,IDA* Moves,IDA* Time (s)
1,1,0.000002326
2,2,0.000003372
3,3,0.000017502
4,4,0.000021119
5,5,0.000011513
6,6,0.000373823
