Scramble Length,IDA* Moves,IDA* Time (s)
1,1,0.000002312
2,2,0.000005449
3,3,0.00000418
4,4,0.000005393
5,5,0.000036394
6,6,0.001530495
