Scramble Length,IDA* Moves,IDA* Time (s)
1,1,0.000001796
2,2,0.000001632
3,3,0.000004652
4,4,0.00000853
5,5,0.00001958
6,6,0.000323395
