Scramble Length,IDA* Moves,IDA* Time (s)
1,1,0.000000921
2,2,0.000000975
3,3,0.000007113
4,4,0.000008629
5,5,0.000028262
6,6,0.000005158
