Scramble Length,IDA* Moves,IDA* Time (s)
1,1,0.000000704
2,2,0.000001662
3,3,0.000003087
4,4,0.000019715
5,5,0.000004026
6,6,0.000209585
