Scramble Length,IDA* Moves,IDA* Time (s)
1,1,0.000000762
2,2,0.00000254
3,3,0.000026848
4,4,0.000012766
5,5,0.000007962
6,6,0.000138692
