Scramble Length,IDA* Moves,IDA* Time (s)
1,1,0.00000358
2,2,0.000002
3,3,0.000003862
4,4,0.000006719
5,5,0.000009628
6,6,0.000427468
