Scramble Length,IDA* Moves,IDA* Time (s)
1,1,0.000002317
2,2,0.000003478
3,3,0.000005882
4,4,0.000019358
5,5,0.00000654
6,6,0.000126348
