Scramble Length,IDA* Moves,IDA* Time (s)
1,1,0.000001341
2,2,0.000020029
3,3,0.000005625
4,4,0.00001983
5,5,0.000009544
6,6,0.003248897
