Scramble Length,IDA* Moves,IDA* Time (s)
1,1,0.000001171
2,2,0.000001188
3,3,0.000001582
4,4,0.000011365
5,5,0.000003256
6,6,0.000391999
