Scramble Length,IDA* Moves,IDA* Time (s)
1,1,0.000002426
2,2,0.000001737
3,3,0.000005526
4,4,0.00000479
5,5,0.000218685
6,6,0.00011326
