Scramble Length,IDA* Moves,IDA* Time (s)
1,1,0.000001469
2,2,0.000003333
3,3,0.000004973
4,4,0.000007807
5,5,0.000084413
6,6,0.000218314
