Scramble Length,IDA* Moves,IDA* Time (s)
1,1,0.000000227
2,2,0.000002247
3,3,0.000001279
4,4,0.000015037
5,5,0.000003858
6,6,0.000017067
