Scramble Length,IDA* Moves,IDA* Time (s)
1,1,0.000000957
2,2,0.000003738
3,3,0.0000051
4,4,0.000017095
5,5,0.000008232
6,6,0.000887935
