Scramble Length,IDA* Moves,IDA* Time (s)
1,1,0.000003122
2,2,0.00000388
3,3,0.000006528
4,4,0.000027715
5,5,0.000502361
6,6,0.000195892
