Scramble Length,IDA* Moves,IDA* Time (s)
1,1,0.000002654
2,2,0.000003783
3,3,0.000006866
4,4,0.000016647
5,5,0.000015761
6,6,0.00019608
