Scramble Length,IDA* Moves,IDA* Time (s)
1,1,0.00000173
2,2,0.000001863
3,3,0.000003703
4,4,0.000005019
5,5,0.000011739
6,6,0.000390158
