Scramble Length,IDA* Moves,IDA* Time (s)
1,1,0.000001228
2,2,0.000003943
3,3,0.00000443
4,4,0.000061452
5,5,0.000029064
6,6,0.000273139
