Scramble Length,IDA* Moves,IDA* Time (s)
1,1,0.000002617
2,2,0.000002297
3,3,0.000005284
4,4,0.000040479
5,5,0.000079512
6,6,0.00003492
