Scramble Length,IDA* Moves,IDA* Time (s)
1,1,0.000002581
2,2,0.000002384
3,3,0.00000529
4,4,0.000003921
5,5,0.000012573
6,6,0.000360007
