Scramble Length,IDA* Moves,IDA* Time (s)
1,1,0.000001131
2,2,0.000002154
3,3,0.0000072
4,4,0.000002625
5,5,0.000015587
6,6,0.000185066
