Scramble Length,IDA* Moves,IDA* Time (s)
1,1,0.000001121
2,2,0.000002531
3,3,0.000003576
4,4,0.000013239
5,5,0.000010535
6,6,0.00007039
