Scramble Length,IDA* Moves,IDA* Time (s)
1,1,0.000002199
2,2,0.000002381
3,3,0.000003166
4,4,0.000011189
5,5,0.000006739
6,6,0.000122988
