Scramble Length,IDA* Moves,IDA* Time (s)
1,1,0.000001619
2,2,0.000001422
3,3,0.000003929
4,4,0.000006689
5,5,0.000130342
6,6,0.000084499
