Scramble Length,IDA* Moves,IDA* Time (s)
1,1,0.000000462
2,2,0.000002192
3,3,0.000002586
4,4,0.000001825
5,5,0.000008269
6,6,0.000027932
