Scramble Length,IDA* Moves,IDA* Time (s)
1,1,0.000001028
2,2,0.000003095
3,3,0.000004589
4,4,0.000005486
5,5,0.000108387
6,6,0.000032677
