Scramble Length,IDA* Moves,IDA* Time (s)
1,1,0.00000317
2,2,0.00000397
3,3,0.000004625
4,4,0.000004795
5,5,0.000029101
6,6,0.000104919
