Scramble Length,IDA* Moves,IDA* Time (s)
1,1,0.000000783
2,2,0.000001041
3,3,0.000001801
4,4,0.000003778
5,5,0.000034562
6,6,0.000276827
