Scramble Length,IDA* Moves,IDA* Time (s)
1,1,0.000001182
2,2,0.000003663
3,3,0.000004066
4,4,0.000008247
5,5,0.000053848
6,6,0.000046944
