Scramble Length,IDA* Moves,IDA* Time (s)
1,1,0.000001793
2,2,0.000004637
3,3,0.000004374
4,4,0.000009415
5,5,0.000045663
6,6,0.000414457
