Scramble Length,IDA* Moves,IDA* Time (s)
1,1,0.000000461
2,2,0.000001462
3,3,0.000009165
4,4,0.000002334
5,5,0.00001886
6,6,0.000184134
