Scramble Length,IDA* Moves,IDA* Time (s)
1,1,0.000001312
2,2,0.00000186
3,3,0.000001463
4,4,0.000002705
5,5,0.000014438
6,6,0.000014998
