Scramble Length,IDA* Moves,IDA* Time (s)
1,1,0.000001418
2,2,0.000001141
3,3,0.000005295
4,4,0.000007704
5,5,0.000086792
6,6,0.000316044
