Scramble Length,IDA* Moves,IDA* Time (s)
1,1,0.000001584
2,2,0.000004939
3,3,0.000003607
4,4,0.000030523
5,5,0.000010444
6,6,0.00008328
