Scramble Length,IDA* Moves,IDA* Time (s)
1,1,0.000000417
2,2,0.000001344
3,3,0.000001753
4,4,0.000002689
5,5,0.000005926
6,6,0.000105573
