Scramble Length,IDA* Moves,IDA* Time (s)
1,1,0.000002404
2,2,0.000002523
3,3,0.000004894
4,4,0.000007058
5,5,0.000043546
6,6,0.000208584
