Scramble Length,IDA* Moves,IDA* Time (s)
1,1,0.000003937
2,2,0.000004563
3,3,0.000005954
4,4,0.000013345
5,5,0.000007724
6,6,0.000071429
