Scramble Length,IDA* Moves,IDA* Time (s)
1,1,0.000002409
2,2,0.000002853
3,3,0.000027888
4,4,0.000011443
5,5,0.000039175
6,6,0.000036288
