Scramble Length,IDA* Moves,IDA* Time (s)
1,1,0.000003843
2,2,0.00000288
3,3,0.000010227
4,4,0.000007199
5,5,0.00003642
6,6,0.000044665
