Scramble Length,IDA* Moves,IDA* Time (s)
1,1,0.000001214
2,2,0.00000132
3,3,0.000001587
4,4,0.000001848
5,5,0.000085415
6,6,0.000189158
