Scramble Length,IDA* Moves,IDA* Time (s)
1,1,0.000000935
2,2,0.000002138
3,3,0.000002374
4,4,0.000007644
5,5,0.000050295
6,6,0.000885008
