Scramble Length,IDA* Moves,IDA* Time (s)
1,1,0.000001313
2,2,0.000003693
3,3,0.000006237
4,4,0.000016667
5,5,0.000063501
6,6,0.000778364
