Scramble Length,IDA* Moves,IDA* Time (s)
1,1,0.000000422
2,2,0.000001638
3,3,0.000003077
4,4,0.000002128
5,5,0.000005286
6,6,0.000011986
