Scramble Length,IDA* Moves,IDA* Time (s)
1,1,0.000001096
2,2,0.000001935
3,3,0.000003926
4,4,0.000004565
5,5,0.000020112
6,6,0.000035237
