Scramble Length,IDA* Moves,IDA* Time (s)
1,1,0.000001471
2,2,0.000001668
3,3,0.000002307
4,4,0.000004814
5,5,0.000004429
6,6,0.000549628
