Scramble Length,IDA* Moves,IDA* Time (s)
1,1,0.000001563
2,2,0.000002779
3,3,0.000004162
4,4,0.000004932
5,5,0.000019969
6,6,0.000015363
