Scramble Length,IDA* Moves,IDA* Time (s)
1,1,0.000003266
2,2,0.000002911
3,3,0.000009658
4,4,0.00001428
5,5,0.0000047
6,6,0.000799641
