Scramble Length,IDA* Moves,IDA* Time (s)
1,1,0.000001314
2,2,0.000001917
3,3,0.000004963
4,4,0.000008363
5,5,0.00008071
6,6,0.000015412
