Scramble Length,IDA* Moves,IDA* Time (s)
1,1,0.000003231
2,2,0.000003184
3,3,0.000004554
4,4,0.000008428
5,5,0.000054515
6,6,0.000479191
