Scramble Length,IDA* Moves,IDA* Time (s)
1,1,0.000002212
2,2,0.000002856
3,3,0.000002754
4,4,0.000008303
5,5,0.000014312
6,6,0.000022813
