Scramble Length,IDA* Moves,IDA* Time (s)
1,1,0.000003295
2,2,0.000003477
3,3,0.000004969
4,4,0.000045489
5,5,0.000057374
6,6,0.000052525
