Scramble Length,IDA* Moves,IDA* Time (s)
1,1,0.000003709
2,2,0.000002131
3,3,0.000005024
4,4,0.000004614
5,5,0.00000785
6,6,0.000114371
