Scramble Length,IDA* Moves,IDA* Time (s)
1,1,0.000000712
2,2,0.000001678
3,3,0.000002045
4,4,0.000004551
5,5,0.000005343
6,6,0.000109327
