Scramble Length,IDA* Moves,IDA* Time (s)
1,1,0.000000957
2,2,0.00000197
3,3,0.000002113
4,4,0.000004088
5,5,0.000049486
6,6,0.000120674
