Scramble Length,IDA* Moves,IDA* Time (s)
1,1,0.000001079
2,2,0.000000863
3,3,0.000000634
4,4,0.000002765
5,5,0.000012434
6,6,0.000852708
