Scramble Length,IDA* Moves,IDA* Time (s)
1,1,0.000001621
2,2,0.000005312
3,3,0.000004605
4,4,0.000008501
5,5,0.000007143
6,6,0.000027499
