Scramble Length,IDA* Moves,IDA* Time (s)
1,1,0.000001258
2,2,0.000003202
3,3,0.000005629
4,4,0.000070746
5,5,0.0000449
6,6,0.000070689
