Scramble Length,IDA* Moves,IDA* Time (s)
1,1,0.000001156
2,2,0.000004816
3,3,0.000004812
4,4,0.000080758
5,5,0.000013408
6,6,0.000705114
