Scramble Length,IDA* Moves,IDA* Time (s)
1,1,0.000000296
2,2,0.000001729
3,3,0.000001061
4,4,0.000002999
5,5,0.000005853
6,6,0.000024323
