Scramble Length,IDA* Moves,IDA* Time (s)
1,1,0.000000561
2,2,0.000001029
3,3,0.000002502
4,4,0.000001391
5,5,0.000040725
6,6,0.000033051
