Scramble Length,IDA* Moves,IDA* Time (s)
1,1,0.000001227
2,2,0.000001844
3,3,0.00000661
4,4,0.000010256
5,5,0.000011144
6,6,0.000467852
