Scramble Length,IDA* Moves,IDA* Time (s)
1,1,0.00000273
2,2,0.000002051
3,3,0.000005742
4,4,0.000005955
5,5,0.000061407
6,6,0.000298296
