Scramble Length,IDA* Moves,IDA* Time (s)
1,1,0.000003694
2,2,0.000003481
3,3,0.000003713
4,4,0.000005932
5,5,0.000013331
6,6,0.000192782
