Scramble Length,IDA* Moves,IDA* Time (s)
1,1,0.000001228
2,2,0.0000013
3,3,0.000001762
4,4,0.000006142
5,5,0.000373051
6,6,0.000022617
