Scramble Length,IDA* Moves,IDA* Time (s)
1,1,0.000000463
2,2,0.000001348
3,3,0.000004764
4,4,0.000004328
5,5,0.000003781
6,6,0.00062103
