Scramble Length,IDA* Moves,IDA* Time (s)
1,1,0.000001319
2,2,0.000004763
3,3,0.000002537
4,4,0.000006955
5,5,0.000034245
6,6,0.000251468
