Scramble Length,IDA* Moves,IDA* Time (s)
1,1,0.000000556
2,2,0.000001101
3,3,0.000002322
4,4,0.000005624
5,5,0.00001742
6,6,0.000077853
