Scramble Length,IDA* Moves,IDA* Time (s)
1,1,0.000002456
2,2,0.000005366
3,3,0.000002954
4,4,0.000022436
5,5,0.000015116
6,6,0.000298792
