Scramble Length,IDA* Moves,IDA* Time (s)
1,1,0.00000146
2,2,0.000001302
3,3,0.000002041
4,4,0.000004169
5,5,0.000086642
6,6,0.000095219
