Scramble Length,IDA* Moves,IDA* Time (s)
1,1,0.000002097
2,2,0.000002881
3,3,0.00000595
4,4,0.000005624
5,5,0.000036218
6,6,0.000289107
