Scramble Length,IDA* Moves,IDA* Time (s)
1,1,0.000002491
2,2,0.000002872
3,3,0.000008734
4,4,0.000122158
5,5,0.000007406
6,6,0.000047589
