Scramble Length,IDA* Moves,IDA* Time (s)
1,1,0.000002861
2,2,0.000003939
3,3,0.00000497
4,4,0.000006865
5,5,0.000090807
6,6,0.000049332
