Scramble Length,IDA* Moves,IDA* Time (s)
1,1,0.00000198
2,2,0.000004398
3,3,0.000003391
4,4,0.000025641
5,5,0.000028541
6,6,0.000149285
