Scramble Length,IDA* Moves,IDA* Time (s)
1,1,0.000000939
2,2,0.000000544
3,3,0.000003524
4,4,0.000002966
5,5,0.000005279
6,6,0.000031611
