Scramble Length,IDA* Moves,IDA* Time (s)
1,1,0.000000562
2,2,0.000001673
3,3,0.000001542
4,4,0.000002222
5,5,0.000009655
6,6,0.000044943
