Scramble Length,IDA* Moves,IDA* Time (s)
1,1,0.00000101
2,2,0.00000226
3,3,0.000002629
4,4,0.000004676
5,5,0.000182531
6,6,0.000040538
