Scramble Length,IDA* Moves,IDA* Time (s)
1,1,0.000003083
2,2,0.000002744
3,3,0.000009256
4,4,0.000004499
5,5,0.000021108
6,6,0.000940994
