Scramble Length,IDA* Moves,IDA* Time (s)
1,1,0.019688557
2,2,0.000001829
3,3,0.000002956
4,4,0.000010549
5,5,0.000009177
6,6,0.00012866
