Scramble Length,IDA* Moves,IDA* Time (s)
1,1,0.000004211
2,2,0.000003444
3,3,0.000006523
4,4,0.000006632
5,5,0.000118258
6,6,0.000037145
