Scramble Length,IDA* Moves,IDA* Time (s)
1,1,0.000002033
2,2,0.000003455
3,3,0.00000274
4,4,0.000006244
5,5,0.000045237
6,6,0.000346153
