Scramble Length,IDA* Moves,IDA* Time (s)
1,1,0.000002631
2,2,0.000001559
3,3,0.000004716
4,4,0.000006155
5,5,0.000022059
6,6,0.001113172
