Scramble Length,IDA* Moves,IDA* Time (s)
1,1,0.000003297
2,2,0.000004152
3,3,0.000003207
4,4,0.000007267
5,5,0.000061752
6,6,0.000286657
