Scramble Length,IDA* Moves,IDA* Time (s)
1,1,0.000001145
2,2,0.000002386
3,3,0.000001888
4,4,0.00000272
5,5,0.000005452
6,6,0.000153324
