Scramble Length,IDA* Moves,IDA* Time (s)
1,1,0.000003556
2,2,0.00000325
3,3,0.000003049
4,4,0.000006531
5,5,0.000058748
6,6,0.000258232
