Scramble Length,IDA* Moves,IDA* Time (s)
1,1,0.000001486
2,2,0.000001165
3,3,0.000002496
4,4,0.000002101
5,5,0.000124871
6,6,0.000479307
