Scramble Length,IDA* Moves,IDA* Time (s)
1,1,0.000000894
2,2,0.000003833
3,3,0.000005072
4,4,0.00002495
5,5,0.000070658
6,6,0.000340433
