Scramble Length,IDA* Moves,IDA* Time (s)
1,1,0.000001012
2,2,0.000001208
3,3,0.000001463
4,4,0.000003381
5,5,0.000005683
6,6,0.000183232
