Scramble Length,IDA* Moves,IDA* Time (s)
1,1,0.000002526
2,2,0.00000355
3,3,0.000006133
4,4,0.00001108
5,5,0.000006049
6,6,0.000038887
