Scramble Length,IDA* Moves,IDA* Time (s)
1,1,0.000000294
2,2,0.000002451
3,3,0.000003293
4,4,0.000008208
5,5,0.000008666
6,6,0.000057267
