Scramble Length,IDA* Moves,IDA* Time (s)
1,1,0.000003463
2,2,0.000001421
3,3,0.000003229
4,4,0.000029112
5,5,0.00000586
6,6,0.000331014
