Scramble Length,IDA* Moves,IDA* Time (s)
1,1,0.000000199
2,2,0.000000709
3,3,0.000000912
4,4,0.000001799
5,5,0.000011883
6,6,0.0001668
