Scramble Length,IDA* Moves,IDA* Time (s)
1,1,0.000003079
2,2,0.00000411
3,3,0.00000483
4,4,0.000022155
5,5,0.000008094
6,6,0.000120143
