Scramble Length,IDA* Moves,IDA* Time (s)
1,1,0.000001537
2,2,0.000001939
3,3,0.000004073
4,4,0.000005157
5,5,0.000085162
6,6,0.00010858
