Scramble Length,IDA* Moves,IDA* Time (s)
1,1,0.00000287
2,2,0.000004521
3,3,0.000012862
4,4,0.000015919
5,5,0.000141134
6,6,0.000146788
