Scramble Length,IDA* Moves,IDA* Time (s)
1,1,0.000003227
2,2,0.000003415
3,3,0.000005865
4,4,0.000007203
5,5,0.000024957
6,6,0.000550071
