Scramble Length,IDA* Moves,IDA* Time (s)
1,1,0.00000215
2,2,0.00000333
3,3,0.000002313
4,4,0.000020508
5,5,0.000106459
6,6,0.000723665
