Scramble Length,IDA* Moves,IDA* Time (s)
1,1,0.000000898
2,2,0.000001561
3,3,0.000002338
4,4,0.00000286
5,5,0.000004572
6,6,0.000453165
