Scramble Length,IDA* Moves,IDA* Time (s)
1,1,0.000002881
2,2,0.000001797
3,3,0.000005086
4,4,0.000009205
5,5,0.000008608
6,6,0.000254066
