Scramble Length,BFS Moves,BFS Time (s)
1,1,0.000013561
2,2,0.000477455
3,3,0.016421164
4,4,0.158996259
5,5,0.599345946
6,6,27.990537514
