Scramble Length,BFS Moves,BFS Time (s)
1,1,0.055663669
2,2,0.021168233
3,3,0.166324564
4,4,0.893271636
5,5,49.448315333
6,6,328.118836784
