Scramble Length,BFS Moves,BFS Time (s)
1,1,0.000018264
2,2,0.040884149
3,3,0.006280134
4,4,0.032570002
5,5,0.294863207
6,6,9.33420298
