Scramble Length,BFS Moves,BFS Time (s)
1,1,0.000041527
2,2,0.000326652
3,3,0.014725025
4,4,0.027462598
5,5,3.570523335
6,6,22.997297887
