Scramble Length,BFS Moves,BFS Time (s)
1,1,0.000109558
2,2,0.009087448
3,3,0.00939507
4,4,0.074224079
5,5,0.509206073
6,6,46.167663039
