Scramble Length,BFS Moves,BFS Time (s)
1,1,0.001301091
2,2,0.020126949
3,3,0.086908197
4,4,2.215641106
5,5,12.529231831
6,6,344.459633412
