Scramble Length,BFS Moves,BFS Time (s)
1,1,0.000032547
2,2,0.000632417
3,3,0.011753815
4,4,0.147194295
5,5,3.486630796
6,6,22.41112418
