Scramble Length,BFS Moves,BFS Time (s)
1,1,0.000073551
2,2,0.000882145
3,3,0.026268073
4,4,0.16448278
5,5,4.421568282
6,6,33.58388299
