Scramble Length,BFS Moves,BFS Time (s)
1,1,0.00003159
2,2,0.034934125
3,3,0.016618536
4,4,0.114946451
5,5,3.143229437
6,6,10.200407027
