Scramble Length,BFS Moves,BFS Time (s)
1,1,0.000103725
2,2,0.000636495
3,3,0.018069438
4,4,0.276203051
5,5,3.07318454
6,6,12.360485755
