Scramble Length,BFS Moves,BFS Time (s)
1,1,0.000107208
2,2,0.001168267
3,3,0.005136825
4,4,0.166739427
5,5,0.510676564
6,6,25.116601101
