Scramble Length,BFS Moves,BFS Time (s)
1,1,0.000079552
2,2,0.002572869
3,3,0.015766831
4,4,0.181770869
5,5,4.239225989
6,6,60.267277114
