Scramble Length,BFS Moves,BFS Time (s)
1,1,0.000089925
2,2,0.000615628
3,2,0.000486487
4,4,0.209951093
5,5,2.196187467
6,6,23.263373596
