Scramble Length,BFS Moves,BFS Time (s)
1,1,0.000053967
2,2,0.001378415
3,3,0.006584317
4,4,0.277907892
5,5,3.258456543
6,6,29.202868392
