Scramble Length,BFS Moves,BFS Time (s)
1,1,0.000020093
2,2,0.000426776
3,3,0.01558078
4,4,0.12178969
5,5,4.253526213
6,6,8.961025393
