Scramble Length,BFS Moves,BFS Time (s)
1,1,0.000123498
2,2,0.001255794
3,3,0.015784139
4,4,0.056194783
5,5,4.352873182
6,6,43.944382038
