Scramble Length,BFS Moves,BFS Time (s)
1,1,0.000063774
2,2,0.001055072
3,3,0.014387177
4,3,0.014761377
5,4,0.104718053
6,6,48.142296445
