Scramble Length,BFS Moves,BFS Time (s)
1,1,0.000089105
2,2,0.000661348
3,3,0.011269684
4,4,0.291544845
5,5,1.151601973
6,6,9.074354404
