Scramble Length,BFS Moves,BFS Time (s)
1,1,0.000067105
2,2,0.001286947
3,3,0.003424531
4,4,0.079739227
5,5,4.543699987
6,6,23.891390365
