Scramble Length,BFS Moves,BFS Time (s)
1,1,0.000065584
2,2,0.000591569
3,3,0.002176476
4,4,0.017982877
5,5,0.761293724
6,6,12.791428388
