Scramble Length,BFS Moves,BFS Time (s)
1,1,0.000041712
2,2,0.007500786
3,3,0.01592557
4,4,0.025532339
5,5,0.380546338
6,6,44.702826814
