Scramble Length,BFS Moves,BFS Time (s)
1,1,0.000074832
2,2,0.000426612
3,3,0.016591449
4,4,0.022627975
5,4,0.235751185
6,6,46.43760171
