Scramble Length,BFS Moves,BFS Time (s)
1,1,0.000103225
2,2,0.00120596
3,3,0.009536438
4,4,0.071026169
5,5,4.680454507
6,6,28.862789784
