Scramble Length,BFS Moves,BFS Time (s)
1,1,0.000044055
2,2,0.000784832
3,3,0.010449661
4,4,0.134539538
5,5,3.2817289130000002
6,6,23.46379703
