Scramble Length,BFS Moves,BFS Time (s)
1,1,0.000114734
2,2,0.000444147
3,3,0.017345388
4,4,0.069569049
5,5,3.302172182
6,6,19.905348557
