Scramble Length,BFS Moves,BFS Time (s)
1,1,0.000044476
2,2,0.002970701
3,3,0.017140632
4,4,0.148437513
5,5,2.402040871
6,3,0.015655226
