Scramble Length,BFS Moves,BFS Time (s)
1,1,0.000068198
2,2,0.001047233
3,3,0.015318889
4,4,0.156572666
5,3,0.007059963
6,6,43.708284683
