Scramble Length,BFS Moves,BFS Time (s)
1,1,0.00003382
2,2,0.019900499
3,3,0.014671144
4,4,0.247899376
5,5,1.575351769
6,6,21.279633944
