Scramble Length,BFS Moves,BFS Time (s)
1,1,0.000048878
2,2,0.000236934
3,3,0.009826516
4,4,0.2312976
5,5,2.5091004
6,4,0.163531209
