Scramble Length,BFS Moves,BFS Time (s)
1,1,0.000164979
2,2,0.000422194
3,3,0.006208196
4,4,0.164935171
5,5,1.111162616
6,6,20.556573035
