Scramble Length,BFS Moves,BFS Time (s)
1,1,0.000017042
2,2,0.000151593
3,3,0.017399844
4,4,0.160732302
5,5,2.403894356
6,6,32.251110321
