Scramble Length,BFS Moves,BFS Time (s)
1,1,0.000022115
2,2,0.017791968
3,3,0.006864621
4,4,0.127331083
5,5,0.643162038
6,6,50.146928439
