Scramble Length,BFS Moves,BFS Time (s)
1,1,0.000065027
2,2,0.002980997
3,3,0.032247995
4,4,0.30778681
5,5,1.1611000009999999
6,6,29.852494852
