Scramble Length,BFS Moves,BFS Time (s)
1,1,0.000105632
2,2,0.000838098
3,3,0.007490479
4,4,0.116486186
5,5,2.9638660310000002
6,6,11.080552243
