Scramble Length,BFS Moves,BFS Time (s)
1,1,0.000075712
2,2,0.000171849
3,3,0.014993705
4,4,0.081311895
5,3,0.016277359
6,6,5.6140918079999995
