Scramble Length,BFS Moves,BFS Time (s)
1,1,0.000023026
2,2,0.000287442
3,3,0.011963817
4,4,0.270525993
5,5,0.32506987
6,6,14.33123818
