Scramble Length,BFS Moves,BFS Time (s)
1,1,0.000146464
2,2,0.001294998
3,3,0.008989928
4,4,0.292890404
5,5,2.623732056
6,6,28.405334936
